date,buy
2019-04-05,0.008223206030718522
2019-04-08,0.009145009789859049
2019-04-08,0.00950877091454233
2019-04-09,0.010341012275560058
2019-04-09,0.01140267116407695
2019-04-10,0.010753688248448856
2019-04-10,0.011541837351929207
2019-04-11,0.012637943316647138
2019-04-11,0.011788478417528891
2019-04-12,0.008470536037842147
2019-04-12,0.008318968902557455
2019-04-15,0.005801576573783551
2019-04-15,0.00410815830773914
2019-04-16,0.0036982381009464382
2019-04-16,0.0036982381009464382
2019-04-18,4.7536965157468636e-05
2019-04-18,0.0011939356611289642
2019-04-22,0.0007447457874670271
2019-04-22,0.0007743702729999802
2019-04-23,0.001021011338599609
2019-04-23,0.001021011338599609
2019-04-24,0.0
2019-04-24,0.0005125724938718768
2019-04-25,0.0019290362672597094
2019-04-25,0.0018684094131458107
2019-04-26,0.0055501129175157815
2019-04-26,0.005155349424251554
2019-04-29,0.0072221739963155285
2019-04-29,0.005853247188085164
2019-04-30,0.006313460126131376
2019-04-30,0.007135367364288825
2019-05-02,0.004959690031429487
2019-05-02,0.0038002014465016165
2019-05-03,0.004292794636176878
2019-05-03,0.004719938381070099
2019-05-06,0.008126065275831484
2019-05-06,0.00846295768107791
2019-05-07,0.009163611211007616
2019-05-07,0.009378560966502247
2019-05-08,0.010206668678375885
2019-05-08,0.01054356108362231
2019-05-09,0.008995509479146402
2019-05-09,0.009915246413714884
2019-05-10,0.011244214613552017
2019-05-10,0.011490855679151646
2019-05-13,0.01085427371095593
2019-05-13,0.010547005791242459
2019-05-14,0.015063017481202201
2019-05-14,0.014602115601631938
2019-05-15,0.017543895909203022
2019-05-15,0.017729221179164756
2019-05-16,0.017620368418369392
2019-05-16,0.018085403947083745
2019-05-17,0.01540404353559277
2019-05-20,0.011401982222552898
2019-05-21,0.013858058755688907
2019-05-22,0.013840835217588388
2019-05-23,0.015131911633604334
2019-05-24,0.016725433378665666
2019-05-27,0.01590283719898422
2019-05-28,0.014353407711460264
2019-05-29,0.014334806290311697
2019-05-31,0.018050956870882706
2019-06-10,0.025291732288346802
2019-06-11,0.023009957960788197
2019-06-12,0.02672335277526311
2019-06-13,0.026748843611651918
2019-06-14,0.030830133199954257
2019-06-17,0.028708882247492573
2019-06-18,0.03264962776489455
2019-06-19,0.031892481029995146
2019-06-20,0.03464755818455639
2019-06-21,0.04173469964216375
2019-06-24,0.04602129380462444
2019-06-25,0.05489692745859115
2019-06-26,0.047855256141569213
2019-06-27,0.04502508436088959
2019-06-28,0.04951904992208073
2019-07-01,0.038034394716645215
2019-07-02,0.04028309985105083
2019-07-03,0.05046083298541787
2019-07-04,0.047074685394853044
2019-07-05,0.04702301478055143
2019-07-08,0.0440791676484083
2019-07-09,0.039920716609415596
2019-07-10,0.040670973929074816
2019-07-11,0.04986696539171148
2019-07-12,0.043901420735210805
2019-07-15,0.04471299385050792
2019-07-16,0.04108296096043956
2019-07-17,0.03731996235623514
2019-07-18,0.04422384536845281
2019-07-19,0.049765690987680355
2019-07-22,0.04484044803245191
2019-07-23,0.04284320655431406
2019-07-24,0.045467384819311285
2019-07-25,0.04697685569844201
2019-07-26,0.04375743195669035
2019-07-29,0.04478119906138606
2019-07-30,0.046937586031572776
2019-07-31,0.04885008770225602
2019-08-01,0.04115254405436575
2019-08-02,0.05325311298227625
2019-08-05,0.06242292466700011
2019-08-06,0.06537366121438343
2019-08-07,0.07418866801423629
2019-08-08,0.07584281661341147
2019-08-09,0.07694856775946568
2019-08-12,0.07601711881898887
2019-08-13,0.08412389373214779
2019-08-14,0.07959617003627967
2019-08-15,0.08117315718476448
2019-08-16,0.08217350027764342
2019-08-19,0.07753830170402798
2019-08-20,0.0765600047399177
2019-08-21,0.07700161625681534
2019-08-22,0.07703261862539629
2019-08-23,0.07564577933754135
2019-08-26,0.08429061758096096
2019-08-27,0.08694235350691903
2019-08-28,0.08966505040985129
2019-08-29,0.08975530174949808
2019-08-30,0.08487070634418692
2019-09-02,0.08359960923236759
2019-09-03,0.08541428120663974
2019-09-04,0.08797645473447502
2019-09-05,0.08809977526727486
2019-09-06,0.07636296746404758
2019-09-09,0.08131094548956874
2019-09-10,0.08262406803435335
2019-09-11,0.08337501429553662
2019-09-12,0.08644562666809963
2019-09-13,0.08334332298543162
2019-09-16,0.08475151946053122
2019-09-17,0.08585727060658543
2019-09-18,0.08644355984352758
2019-09-19,0.08582420141343244
2019-09-20,0.08786277938301151
2019-09-23,0.09228853973332451
2019-09-24,0.09303259657926755
2019-09-25,0.09735777146707342
2019-09-26,0.09075564484237708
2019-09-27,0.0884566469767179
2019-09-30,0.0851710848486602
2019-10-01,0.07885486895643268
2019-10-02,0.08499884946765485
2019-10-03,0.0897160320826289
2019-10-04,0.09144389742487435
2019-10-07,0.08956308706429617
2019-10-08,0.08855172090703284
2019-10-09,0.09110976078572403
2019-10-10,0.09128406299130143
2019-10-11,0.08785588996777133
2019-10-14,0.08442633906119312
2019-10-15,0.08674600517257297
2019-10-16,0.08417487540492535
2019-10-17,0.08477425453082393
2019-10-18,0.08374773166003213
2019-10-21,0.0823595144891292
2019-10-22,0.07983109909597091
2019-10-23,0.08219899111403223
2019-10-24,0.08161270187709008
2019-10-25,0.08592134216831943
2019-10-28,0.08577666444827492
2019-10-29,0.08263095744959359
2019-10-30,0.08195372793148059
2019-10-31,0.08481765784683726
2019-11-01,0.08940049686462709
2019-11-04,0.08779181840603734
2019-11-05,0.08458203984562196
2019-11-06,0.08092376035306875
2019-11-07,0.08283075049155975
2019-11-08,0.07715387233362403
2019-11-11,0.07530130857553069
2019-11-12,0.07278116048066069
2019-11-13,0.07604536542147372
2019-11-14,0.07908773119155194
2019-11-15,0.07719245305896927
2019-11-18,0.07550247950054495
2019-11-19,0.07885831366405283
2019-11-20,0.08188965636974666
2019-11-21,0.0808087071185572
2019-11-22,0.07820864180690068
2019-11-25,0.07507946940479587
2019-11-26,0.07448215710346934
2019-11-27,0.07527719562218999
2019-11-28,0.07506775739888749
2019-11-29,0.074857630234061
2019-12-02,0.07520003417149956
2019-12-03,0.0776168410377664
2019-12-04,0.08361407700437201
2019-12-05,0.07982214285615863
2019-12-06,0.07794753296929663
2019-12-09,0.07405845806619626
2019-12-10,0.07380837229297649
2019-12-11,0.07510633812423267
2019-12-12,0.07750040992020679
2019-12-13,0.07583386037359918
2019-12-16,0.07747354120076994
2019-12-17,0.07915731428547806
2019-12-18,0.07848835206565336
2019-12-19,0.07647664281551109
2019-12-20,0.07741635905427618
2019-12-23,0.07905603988144694
2019-12-26,0.08559133917831319
2019-12-27,0.08624101103546533
2019-12-30,0.08647869586125267
2019-12-31,0.0892158605361894
2020-01-02,0.08721655223347952
2020-01-03,0.09462749620737687
2020-01-06,0.10619895804483903
2020-01-07,0.1013860125580261
2020-01-08,0.10707460272187014
2020-01-09,0.0935871945061047
2020-01-10,0.09313938251549081
2020-01-13,0.08925030761239044
2020-01-14,0.08560098435964952
2020-01-15,0.08977872576131479
2020-01-16,0.08812113245451952
2020-01-17,0.08931713494022053
2020-01-20,0.09006670331835576
2020-01-21,0.08841875519289671
2020-01-22,0.08970707584281662
2020-01-23,0.0876099378436957
2020-01-24,0.08841186577765653
2020-01-27,0.09365608865850683
2020-01-28,0.09518140519269003
2020-01-29,0.09175185428611188
2020-01-30,0.0962499534964471
2020-01-31,0.09541013377866514
2020-02-03,0.0964566359536535
2020-02-04,0.09614592332631988
2020-02-05,0.09075702272542507
2020-02-06,0.0897491012757819
2020-02-07,0.09131162065226228
2020-02-10,0.09582694340069803
2020-02-11,0.0932668366974348
2020-02-12,0.0905379393207863
2020-02-13,0.09451450979743742
2020-02-14,0.0954928067615477
2020-02-17,0.09649659456204673
2020-02-18,0.09798815296155289
2020-02-19,0.10571394321192806
2020-02-20,0.10766640349100448
2020-02-21,0.11614520682713492
2020-02-24,0.13252961415141007
2020-02-25,0.12246417848545854
2020-02-26,0.12466465771318258
2020-02-27,0.12572769448474752
2020-02-28,0.1306267576620631
2020-03-02,0.12760299331313352
2020-03-03,0.11736187755855654
2020-03-04,0.12810109803500092
2020-03-05,0.12883275393351157
2020-03-06,0.14487751308644425
2020-03-09,0.14778140161019415
2020-03-10,0.14518271418158568
2020-03-11,0.14028709571189013
2020-03-12,0.12013142248512232
2020-03-13,0.1347466279757107
2020-03-14,0.11780555590002628
2020-03-16,0.11980004161206803
2020-03-17,0.11060405014943142
2020-03-18,0.11859921653569883
2020-03-19,0.10860818655434162
2020-03-20,0.14328605816595497
2020-03-23,0.1440597394974309
2020-03-24,0.19374344644375274
2020-03-26,0.18096220329010915
2020-03-27,0.17885817587574804
2020-03-30,0.18164907798955843
2020-03-31,0.184448247401657
2020-04-01,0.1831020556637194
2020-04-02,0.18606725998310714
2020-04-03,0.1918323226561176
2020-04-06,0.20383988447828527
2020-04-07,0.20743753711672464
2020-04-08,0.2090682617040831
2020-04-09,0.2166032151523043
2020-04-10,0.2278012706837469
2020-04-13,0.21981712736186376
2020-04-14,0.21939756197373472
2020-04-15,0.2135215797153569
2020-04-16,0.22465211897744541
2020-04-17,0.21050539372319155
2020-04-20,0.19621743545651327
2020-04-21,0.20576892074554498
2020-04-22,0.21192668008724758
2020-04-23,0.21685261198399997
2020-04-24,0.21477476434755172
2020-04-27,0.20741342416338382
2020-04-28,0.20337347106652282
2020-04-29,0.20032352693968036
2020-04-30,0.19662528883873398
2020-05-04,0.1921540583478355
2020-05-05,0.18838141456229474
2020-05-06,0.1906301196967004
2020-05-08,0.19218161600879635
2020-05-09,0.18943962874319153
2020-05-11,0.18357811425681814
2020-05-12,0.18779030273468444
2020-05-13,0.18864390128294684
2020-05-14,0.19509997230455067
2020-05-15,0.20118401490318305
2020-05-16,0.20205277016497392
2020-05-18,0.1989594227221182
2020-05-19,0.19657981869814856
2020-05-20,0.19847027424006303
2020-05-21,0.19331423587428742
2020-05-22,0.19316611344662282
2020-05-23,0.19347682607395644
2020-05-25,0.1919845787329263
2020-05-26,0.18616371179647018
2020-05-27,0.1796167004936955
2020-05-28,0.18955605986075108
2020-05-29,0.1894251609711871
2020-05-30,0.18856605089073253
2020-06-01,0.190552269304486
2020-06-02,0.17977860175184046
2020-06-03,0.16379584733606978
2020-06-04,0.1744145030458104
2020-06-05,0.15296844234455065
2020-06-06,0.15538524921081742
2020-06-08,0.162703875020496
2020-06-09,0.16801905887832047
2020-06-10,0.16424503720973171
2020-06-11,0.16637179969438554
2020-06-12,0.17399769342377758
2020-06-13,0.1720252538405045
2020-06-15,0.17053782909014248
2020-06-16,0.1691089643693222
2020-06-17,0.17154781736435776
2020-06-18,0.16881478633856517
2020-06-19,0.17791294810479075
2020-06-20,0.17778549392284682
2020-06-22,0.17695256362030498
2020-06-23,0.18465837456648349
2020-06-24,0.1776525282087107
2020-06-25,0.17806795994769553
2020-06-26,0.18137970185366603
2020-06-27,0.18348579609259918
2020-06-28,0.18341483511562506
2020-06-29,0.1832543117405281
2020-06-30,0.19240414412105533
2020-07-01,0.18348786291717134
2020-07-02,0.19384058719863972
2020-07-03,0.19685195060013694
2020-07-06,0.1976642126569581
2020-07-07,0.20020089534840457
2020-07-08,0.20349403583322656
2020-07-09,0.2013610728748565
2020-07-10,0.20386330849010192
2020-07-11,0.2027313775661349
2020-07-13,0.2021781575223458
2020-07-14,0.20462941146481373
2020-07-15,0.20430492000699962
2020-07-16,0.20588466292158047
2020-07-17,0.2114671560907253
2020-07-18,0.2133100746674823
2020-07-20,0.2145701487149173
2020-07-21,0.2198825768066458
2020-07-22,0.2199742060293406
2020-07-23,0.2274726455767887
2020-07-24,0.23094491085785618
2020-07-25,0.23133002916978407
2020-07-27,0.2445280819454606
2020-07-28,0.2402469993151921
2020-07-29,0.24331485592165902
2020-07-30,0.24525147054568297
2020-07-31,0.25467136800362655
2020-08-01,0.2551295141171007
2020-08-03,0.25659007014802593
2020-08-04,0.26687803392623644
2020-08-05,0.27705507811907937
2020-08-06,0.28351597173135135
2020-08-07,0.2798590701218462
2020-08-08,0.2801553149771754
2020-08-10,0.2832638191335596
2020-08-11,0.2566686094817644
2020-08-12,0.2540258297956186
2020-08-13,0.265023403343571
2020-08-14,0.2650110023961386
2020-08-15,0.2654161000122631
2020-08-17,0.28038335462162645
2020-08-18,0.2795449127868924
2020-08-19,0.264216652818942
2020-08-20,0.24975232552211435
2020-08-21,0.24599346056705396
2020-08-22,0.2507878046327183
2020-08-24,0.2540464980413393
2020-08-25,0.24510334811801837
2020-08-26,0.25664656335299574
2020-08-27,0.2697633210288377
2020-08-28,0.26756421968416166
2020-08-29,0.2665473419947062
2020-08-31,0.260790546619984
2020-09-01,0.2615594053607918
2020-09-02,0.26158971878784876
2020-09-03,0.25979227035167707
2020-09-04,0.2584281661341149
2020-09-05,0.26049636858922687
2020-09-07,0.2621436277731618
2020-09-08,0.2619245443685231
2020-09-09,0.26812984067538315
2020-09-10,0.271453983528786
2020-09-11,0.27159659442425843
2020-09-12,0.26843779753662067
2020-09-14,0.27230551525247637
2020-09-15,0.2730185697298384
2020-09-16,0.2728869818987504
2020-09-17,0.26545054708846416
2020-09-18,0.26815670939481995
2020-09-21,0.2456145427288422
2020-09-22,0.2593272348229627
2020-09-23,0.24996245268694084
2020-09-24,0.2560988548413987
2020-09-25,0.2513079554833545
2020-09-26,0.25173647711129576
2020-09-28,0.25981156071434963
2020-09-29,0.2609724271823256
2020-09-30,0.2603758038225231
2020-10-01,0.26302753974848125
2020-10-02,0.2598163833050178
2020-10-03,0.25910884035984794
2020-10-05,0.2645128976742712
2020-10-06,0.25506061996469864
2020-10-07,0.2514505663788269
2020-10-08,0.25316603077363997
2020-10-09,0.2660292579686421
2020-10-10,0.2669159257100575
2020-10-12,0.25249155702162307
2020-10-13,0.2480823312678866
2020-10-14,0.2562421546783952
2020-10-15,0.25711917723847433
2020-10-16,0.2584226546019227
2020-10-17,0.2580189348688462
2020-10-19,0.2568353333305775
2020-10-20,0.2549049191802698
2020-10-21,0.26300893832733263
2020-10-22,0.2537337185894335
2020-10-23,0.2539817375380812
2020-10-24,0.25555321315437385
2020-10-26,0.25655080048115675
2020-10-27,0.2581505226999342
2020-10-28,0.24676989766462598
2020-10-29,0.2471694837485584
2020-10-30,0.24941405523381988
2020-10-31,0.2483758203571197
2020-11-02,0.2528250047192494
2020-11-03,0.2518949336618206
2020-11-04,0.2530998923873339
2020-11-05,0.2564474592525535
2020-11-06,0.2516606935436534
2020-11-07,0.25419875411814796
2020-11-09,0.22143269523569376
2020-11-10,0.22303861792818747
2020-11-11,0.2208760304842845
2020-11-12,0.23247229421661142
2020-11-13,0.23771651709746178
2020-11-14,0.23752016876311566
2020-11-16,0.22937963571527975
2020-11-17,0.22867415959468196
2020-11-18,0.2280244877375298
2020-11-19,0.2223097177957729
2020-11-20,0.23140443485437845
2020-11-21,0.23075062934808221
2020-11-23,0.21447300796003033
2020-11-24,0.20764284169088298
2020-11-25,0.20758221483676909
2020-11-26,0.2073624424906063
2020-11-27,0.1986859129370817
2020-11-28,0.19989018272107095
2020-11-30,0.19561323373994666
2020-12-01,0.2076910675975644
2020-12-02,0.2127258522551123
2020-12-03,0.21627665686991815
2020-12-04,0.21836621651227484
2020-12-05,0.21794320641652576
2020-12-07,0.2228402027692693
2020-12-08,0.22278302062277555
2020-12-09,0.21373859629542358
2020-12-10,0.21206860204119593
2020-12-11,0.21429870575445298
2020-12-12,0.21230077533479108
2020-12-14,0.2099824871064594
2020-12-15,0.21678578465616993
2020-12-16,0.21810510767467073
2020-12-17,0.22931349732897366
2020-12-18,0.22552983047904862
2020-12-20,0.22403000478125412
2020-12-21,0.22124599208268403
2020-12-22,0.22079886903359414
2020-12-23,0.22274306201438232
2020-12-24,0.22174754151217146
2020-12-25,0.22309580007468122
2020-12-28,0.2257737157785521
2020-12-29,0.22057565197981122
2020-12-30,0.2186211248761627
2020-12-31,0.2231013116068734
2021-01-01,0.2273059217279756
2021-01-02,0.22777784667193013
2021-01-04,0.23057150455183661
2021-01-05,0.23107305398132416
2021-01-06,0.22025047158047317
2021-01-07,0.22151261245248022
2021-01-08,0.20716127156559205
2021-01-09,0.20240481928374887
2021-01-11,0.20925220909099673
2021-01-12,0.20999488805389177
2021-01-13,0.21096698454428586
2021-01-14,0.20737966602870683
2021-01-15,0.2027706472330041
2021-01-16,0.2012398191666288
2021-01-18,0.2081891723194319
2021-01-19,0.21081059481833297
2021-01-20,0.2169731767507037
2021-01-21,0.21535278628620558
2021-01-22,0.2124716328327484
2021-01-23,0.2127272301381603
2021-01-25,0.2118267835662645
2021-01-26,0.21475685186792715
2021-01-27,0.21093736005875297
2021-01-28,0.21659839256163615
2021-01-29,0.21444338347449743
2021-01-30,0.21034693717266661
2021-02-01,0.21534520792944134
2021-02-02,0.20547129800716768
2021-02-03,0.20418366629877183
2021-02-04,0.1910999778160829
2021-02-05,0.20313509729921142
2021-02-06,0.20517298632726655
2021-02-08,0.21226632825859004
2021-02-09,0.21012854270955184
2021-02-10,0.21168623949536414
2021-02-11,0.2121822773926595
2021-02-12,0.20306689208833328
2021-02-13,0.20680302197310096
2021-02-15,0.2025563864190335
2021-02-16,0.20017264874591978
2021-02-17,0.19349542749510507
2021-02-18,0.19275412641525813
2021-02-19,0.1970420984607668
2021-02-20,0.19577789076418772
2021-02-22,0.20694425498552538
2021-02-23,0.2039039560400192
2021-02-24,0.1975188459953896
2021-02-25,0.1874947468208793
2021-02-26,0.18797218329702614
2021-02-27,0.18431252592142477
2021-03-01,0.1915443450990767
2021-03-02,0.18901386288134636
2021-03-03,0.18038004770231109
2021-03-04,0.1857138329812842
2021-03-05,0.17861566845929244
2021-03-06,0.18013547346128356
2021-03-08,0.17598115607143494
2021-03-09,0.19036694403452425
2021-03-10,0.18826429450321114
2021-03-11,0.19005485352414253
2021-03-12,0.18135558890032533
2021-03-13,0.18815544174241572
2021-03-15,0.18941138214070663
2021-03-16,0.19280855279565579
2021-03-17,0.19126050119117988
2021-03-18,0.19072588256853928
2021-03-19,0.19258395785882487
2021-03-22,0.19351265103320558
2021-03-23,0.18998871513783655
2021-03-24,0.192654918835799
2021-03-25,0.1932177840609245
2021-03-26,0.19028495999316564
2021-03-29,0.18596322981297997
2021-03-30,0.17931287728160206
2021-03-31,0.19007207706224305
2021-04-01,0.19820709857788688
2021-04-02,0.19844133869605418
2021-04-05,0.19829321626838958
2021-04-06,0.1988423026630346
2021-04-07,0.19375378056661308
2021-04-08,0.2001898722840203
2021-04-09,0.19292567285473938
2021-04-10,0.19276101583049832
2021-04-12,0.19210238773353394
2021-04-13,0.1941678344225498
2021-04-14,0.19182887794849746
2021-04-15,0.2012735773013058
2021-04-16,0.201795794976514
2021-04-17,0.2010097126976056
2021-04-19,0.19836486618688776
2021-04-20,0.19516404386628472
2021-04-21,0.2020610374632622
2021-04-22,0.1969360014660676
2021-04-23,0.19421812715380338
2021-04-24,0.19499525319289945
2021-04-26,0.19384540978930787
2021-04-27,0.20140240936629783
2021-04-28,0.19986606976773025
2021-04-29,0.1910731090966461
2021-04-30,0.18971382746975196
2021-05-01,0.19013408179940505
2021-05-03,0.19857223758561815
2021-05-04,0.1931330442534699
2021-05-05,0.19465353819698494
2021-05-06,0.20034488412692508
2021-05-07,0.20755603505885623
2021-05-10,0.20158360098711536
2021-05-11,0.20243375482775772
2021-05-12,0.1992839141799322
2021-05-13,0.1969291120508273
2021-05-14,0.20428080705365892
2021-05-15,0.20603002958314898
2021-05-17,0.21110132814146998
2021-05-18,0.20061977179500956
2021-05-19,0.21773376819322332
2021-05-20,0.21243305210740326
2021-05-21,0.2078729481599061
2021-05-22,0.2078729481599061
2021-05-24,0.22300417085198643
2021-05-25,0.20779165306007152
2021-05-26,0.2122897522704068
2021-05-27,0.2200010747487775
2021-05-28,0.21989704457865022
2021-05-29,0.21989704457865022
2021-05-31,0.22283400229555317
2021-06-01,0.22178681117904075
2021-06-02,0.2233100608886519
2021-06-03,0.2212342800767756
2021-06-04,0.2219032422966003
2021-06-05,0.22136242320024357
2021-06-07,0.2206080322314402
2021-06-08,0.2203496791599322
2021-06-09,0.22169173724872582
2021-06-10,0.21950641473453014
2021-06-11,0.21191496808133914
2021-06-12,0.21219881198923596
2021-06-14,0.21480921142375276
2021-06-15,0.21330869678443432
2021-06-16,0.2133100746674823
2021-06-17,0.19132526169443786
2021-06-18,0.1969897389049412
2021-06-19,0.19555949630107294
2021-06-21,0.2016573177301857
2021-06-22,0.19803555213840562
2021-06-23,0.2044640654990486
2021-06-24,0.19986606976773025
2021-06-25,0.2019831870710478
2021-06-26,0.2019831870710478
2021-06-28,0.1995395114853441
2021-06-29,0.2020906619487951
2021-06-30,0.20267970695183335
2021-07-01,0.20304071231042053
2021-07-02,0.2051061589994364
2021-07-03,0.20638621235106802
2021-07-05,0.2057806327514533
2021-07-06,0.21023188393815506
2021-07-07,0.20635589892401107
2021-07-08,0.20610581315079135
2021-07-09,0.208419278788455
2021-07-10,0.20854948873649504
2021-07-12,0.2054630307088795
2021-07-13,0.2059611354307469
2021-07-14,0.21031869057018182
2021-07-15,0.2076249292112584
2021-07-16,0.20535762265570423
2021-07-17,0.20542238315896222
2021-07-19,0.20544787399535103
2021-07-20,0.20887329125278498
2021-07-21,0.20211270807756376
2021-07-22,0.1976655905400061
2021-07-23,0.20012580072228625
2021-07-24,0.20409892649131722
2021-07-26,0.20444753090247203
2021-07-27,0.20530044050921048
2021-07-28,0.2037386100742541
2021-07-29,0.20573998520153602
2021-07-30,0.20329906538192855
2021-07-31,0.20274446745509134
2021-08-02,0.2059073979918732
2021-08-03,0.20101177952217775
2021-08-04,0.19925704546049539
2021-08-05,0.19852401167893674
2021-08-06,0.1857338122854808
2021-08-07,0.1851551014053029
2021-08-09,0.17611205496099902
2021-08-10,0.17552163207491278
2021-08-11,0.18164632222346233
2021-08-12,0.1824840751166722
2021-08-13,0.19044755019283477
2021-08-14,0.19260738187064153
2021-08-16,0.19460875699792346
2021-08-17,0.19293394015302767
2021-08-18,0.19613407353210677
2021-08-19,0.19782198026595899
2021-08-20,0.1994561495609376
2021-08-21,0.1994561495609376
2021-08-23,0.2034678560553137
2021-08-24,0.20421673549192487
2021-08-25,0.19888363915447582
2021-08-26,0.2006514631051145
2021-08-27,0.20421811337497298
2021-08-28,0.20422018019954502
2021-08-30,0.20707515387508935
2021-08-31,0.20288983411665984
2021-09-01,0.20157877839644722
2021-09-02,0.2015091953025211
2021-09-03,0.20709099953014187
2021-09-04,0.20605965406868199
2021-09-06,0.203024866655368
2021-09-07,0.1952033135331539
2021-09-08,0.1898695282541808
2021-09-09,0.19047372997074752
2021-09-10,0.19155881287108112
2021-09-11,0.18932802021630002
2021-09-13,0.19266249719256323
2021-09-14,0.19512821890703558
2021-09-15,0.19444341103215834
2021-09-16,0.18290984097851737
2021-09-17,0.1820679544361633
2021-09-18,0.18134594371898904
2021-09-20,0.18271073687807526
2021-09-21,0.1873183777907299
2021-09-22,0.18905451043126364
2021-09-23,0.18633663611899942
2021-09-24,0.18092431150628796
2021-09-25,0.1801430518180478
2021-09-27,0.18229048254842228
2021-09-28,0.17719713786133262
2021-09-29,0.17830426689043488
2021-09-30,0.17975035514935567
2021-10-01,0.18544101213777175
2021-10-02,0.18587711212247726
2021-10-04,0.186289788095366
2021-10-05,0.18437453065858678
2021-10-06,0.18488641421093455
2021-10-07,0.1819308550728831
2021-10-08,0.1820114612311936
2021-10-09,0.1816924813055717
2021-10-11,0.18148304308226926
2021-10-12,0.18232424068309927
2021-10-13,0.19082715697257047
2021-10-14,0.19086367087334355
2021-10-15,0.1816601010539427
2021-10-16,0.1801375402858556
2021-10-18,0.18236488823301655
2021-10-19,0.18137901291214198
2021-10-20,0.18418989433014898
2021-10-21,0.18698493009310357
2021-10-22,0.18663150309128063
2021-10-23,0.1890496878405955
2021-10-25,0.19529563169737274
2021-10-26,0.18961048624114885
2021-10-27,0.19137486548416738
2021-10-28,0.19270521156705256
2021-10-29,0.1926494073036069
2021-10-30,0.1926494073036069
2021-11-01,0.1933927752080259
2021-11-02,0.19344857947147165
2021-11-03,0.18698286326853153
2021-11-04,0.19870795906585037
2021-11-05,0.19880509982073735
2021-11-06,0.20410030437436533
2021-11-08,0.20398525113985377
2021-11-09,0.20585572737757163
2021-11-10,0.21481196718984885
2021-11-11,0.2162773458114422
2021-11-12,0.21363112141767626
2021-11-13,0.2159342529324796
2021-11-15,0.21592391880961925
2021-11-16,0.21574341613032566
2021-11-17,0.21667073142165838
2021-11-18,0.21719088227229444
2021-11-19,0.2150145159979111
2021-11-20,0.21219467834009187
2021-11-22,0.20946095837277523
2021-11-23,0.19310273082641294
2021-11-24,0.19144238175352146
2021-11-25,0.19457844357086662
2021-11-26,0.195819916197153
2021-11-27,0.1958171604310569
2021-11-29,0.19473827800443955
2021-11-30,0.19473001070615126
2021-12-01,0.196109271637242
2021-12-02,0.19196115472110953
2021-12-03,0.19241310036086756
2021-12-04,0.1962505046496663
2021-12-06,0.1972577371577855
2021-12-07,0.1959680386248176
2021-12-08,0.194464079277879
2021-12-09,0.19354434234331053
2021-12-10,0.19557740878069751
2021-12-11,0.19490431291172872
2021-12-13,0.19574482157103468
2021-12-14,0.19083060168019061
2021-12-15,0.18983921482712385
2021-12-16,0.19604106642636387
2021-12-17,0.20281680631511356
2021-12-18,0.20281818419816167
2021-12-20,0.2008519450886047
2021-12-21,0.19700971820913782
2021-12-22,0.19588949929107913
2021-12-23,0.19788260712007288
2021-12-24,0.19865697739307286
2021-12-25,0.19865697739307286
2021-12-27,0.1981609394957775
2021-12-28,0.20040344415646683
2021-12-29,0.19660255376844127
2021-12-30,0.19862873079058796
2021-12-31,0.19808102227899094
2022-01-01,0.19808102227899094
2022-01-03,0.19872173789633085
2022-01-04,0.20263905940191607
2022-01-05,0.20511235947315265
2022-01-06,0.1988691713824714
2022-01-07,0.19762907663923301
2022-01-08,0.19762700981466097
2022-01-10,0.19697389324988868
2022-01-11,0.19988329330583077
2022-01-12,0.20469072726045157
2022-01-13,0.20453502647602273
2022-01-14,0.2047871790738146
2022-01-15,0.2047871790738146
2022-01-17,0.20492772314471486
2022-01-18,0.20378339127331546
2022-01-19,0.20640481377221664
2022-01-20,0.21287052997515676
2022-01-21,0.2125253702716221
2022-01-22,0.20873688083102881
2022-01-24,0.21235933536433294
2022-01-25,0.21339205870884093
2022-01-26,0.21628767993430253
2022-01-27,0.21074790113964703
2022-01-28,0.19798250364105596
2022-01-29,0.19797974787495987
2022-01-31,0.19700765138456577
2022-02-01,0.19986055823553805
2022-02-02,0.20010857718418573
2022-02-03,0.19882990171560222
2022-02-04,0.2002250083017454
2022-02-05,0.20113854476259763
2022-02-07,0.2033590032945184
2022-02-08,0.20650264346862768
2022-02-09,0.20725152290523885
2022-02-10,0.20906068334731887
2022-02-11,0.20888707008326546
2022-02-12,0.21639859951967
2022-02-14,0.2190317340244795
2022-02-15,0.21335554480806773
2022-02-16,0.21224634895439343
2022-02-17,0.22412301188699701
2022-02-18,0.22546713680036268
2022-02-19,0.22555738814000947
2022-02-21,0.22300761555960646
2022-02-22,0.22580678497170514
2022-02-23,0.2281526308609978
2022-02-24,0.23464108213423063
2022-02-25,0.23587222063765667
2022-02-26,0.23587222063765667
2022-02-28,0.23585499709955615
2022-03-01,0.23426147535449482
2022-03-02,0.23874717361739772
2022-03-03,0.23847917536455343
2022-03-04,0.2397612955407571
2022-03-05,0.24980606296098795
2022-03-07,0.2540340970939069
2022-03-08,0.27859555136679104
2022-03-09,0.25802513534256233
2022-03-10,0.25362279900406615
2022-03-11,0.2511997916640831
2022-03-12,0.2531467404109674
2022-03-14,0.25063692643895774
2022-03-15,0.23968275620701862
2022-03-16,0.23701793039210417
2022-03-17,0.2436868843446306
2022-03-18,0.2411991165013896
2022-03-19,0.23979229790933798
2022-03-21,0.23829867268525984
2022-03-22,0.24076921699040033
2022-03-23,0.23791906590552403
2022-03-24,0.2486961781657896
2022-03-25,0.24941474417534382
2022-03-26,0.247934208840222
2022-03-28,0.2531860100778366
2022-03-29,0.24629383907152724
2022-03-30,0.24668929150631547
2022-03-31,0.24795143237832262
2022-04-01,0.24923217467147818
2022-04-02,0.24879194103762858
2022-04-04,0.24909094165905388
2022-04-05,0.25019944857120413
2022-04-06,0.24604444223983157
2022-04-07,0.24565519027875948
2022-04-08,0.2479948356943359
2022-04-09,0.2480189486476767
2022-04-11,0.25150774852532065
2022-04-12,0.25455149217844686
2022-04-13,0.25657215766840136
2022-04-14,0.2579204162309111
2022-04-15,0.2581842808346113
2022-04-16,0.2581698130626069
2022-04-18,0.2608449730003817
2022-04-19,0.2569200731380322
2022-04-20,0.2529269680648045
2022-04-21,0.252939369012237
2022-04-22,0.2517626568892085
2022-04-23,0.25151050429141675
2022-04-25,0.24470789568323015
2022-04-26,0.24201826797345094
2022-04-27,0.2417550923112748
2022-04-28,0.23959112698432383
2022-04-29,0.24467964908074535
2022-04-30,0.24173166829945802
2022-05-02,0.2397206479908398
2022-05-03,0.23985361370497593
2022-05-04,0.24045919330459065
2022-05-05,0.24393145858565812
2022-05-06,0.24243163288786373
2022-05-07,0.24174475818841445
2022-05-09,0.2382545804277224
2022-05-10,0.23762419893324294
2022-05-11,0.23655978427863
2022-05-12,0.23628145190292538
2022-05-13,0.23359320207619416
2022-05-14,0.23358631266095398
2022-05-16,0.23173581572743263
2022-05-17,0.2360658132059067
2022-05-18,0.2347988497432315
2022-05-19,0.2354719456122003
2022-05-20,0.24103239265257637
2022-05-21,0.24104341571696075
2022-05-23,0.24266793983060309
2022-05-24,0.24419463424783427
2022-05-25,0.24604513118135563
2022-05-26,0.2438563639595398
2022-05-27,0.24436824751188768
2022-05-28,0.24436480280426753
2022-05-30,0.2439383480008983
2022-05-31,0.2437041078827311
2022-06-01,0.24191010415417957
2022-06-02,0.24320393633629167
2022-06-03,0.2416889539249687
2022-06-04,0.24145678063137355
2022-06-06,0.23865830016079892
2022-06-07,0.23588599946813715
2022-06-08,0.23901310504566997
2022-06-09,0.23900345986433358
2022-06-10,0.2418425878848255
2022-06-11,0.2425935341460087
2022-06-13,0.24570410512696506
2022-06-14,0.24015399220944922
2022-06-15,0.24181847493148478
2022-06-16,0.24704409639118652
2022-06-17,0.2503599719463011
2022-06-18,0.24940096534486345
2022-06-20,0.24983568744652085
2022-06-21,0.2498914917099666
2022-06-22,0.24873062524199074
2022-06-23,0.24993145031835984
2022-06-24,0.2478439575005752
2022-06-25,0.24787427092763215
2022-06-27,0.24715777174264997
2022-06-28,0.2432680078980256
2022-06-29,0.24296211786136013
2022-06-30,0.2433623928868165
2022-07-01,0.24020359599917873
2022-07-02,0.24071272378543052
2022-07-04,0.243214270459152
2022-07-05,0.2412556097063593
2022-07-06,0.2325804580358828
2022-07-07,0.2335360199297004
2022-07-08,0.22875683257756452
2022-07-09,0.2284716107866196
2022-07-11,0.22884363920959117
2022-07-12,0.22834140083857957
2022-07-13,0.225897725252876
2022-07-14,0.22713024163935014
2022-07-15,0.22384812421891254
2022-07-16,0.22383710115452815
2022-07-18,0.2239170183713146
2022-07-19,0.22378198583260644
2022-07-20,0.22399969135419717
2022-07-21,0.22160699744127121
2022-07-22,0.22734312457027273
2022-07-23,0.22733967986265258
2022-07-25,0.22938583618899588
2022-07-26,0.22745817780478428
2022-07-27,0.22751398206823004
2022-07-28,0.23117432838535534
2022-07-29,0.23229523624493797
2022-07-30,0.23227663482378946
2022-08-01,0.23526664103804196
2022-08-02,0.23840476967995905
2022-08-03,0.23464866049099486
2022-08-04,0.238206354521041
2022-08-05,0.24400241956263236
2022-08-06,0.2437771356842774
2022-08-08,0.2403668751403718
2022-08-09,0.24452601512088856
2022-08-10,0.24293593808344738
2022-08-11,0.2418611893059741
2022-08-12,0.23938513346864143
2022-08-13,0.23968551197311472
2022-08-15,0.23743405107261306
2022-08-16,0.23324459766503935
2022-08-17,0.23292561773941745
2022-08-18,0.23028559381936775
2022-08-19,0.2287554546945164
2022-08-20,0.22859079767027535
2022-08-22,0.22637171702140269
2022-08-23,0.22662249173614635
2022-08-24,0.22815814239319
2022-08-25,0.22969241516718542
2022-08-26,0.2271736449553634
2022-08-27,0.2269249370651918
2022-08-29,0.22435380729754417
2022-08-30,0.225157113114553
2022-08-31,0.22073686429643224
2022-09-01,0.2153486526370615
2022-09-02,0.21700004547014062
2022-09-03,0.2170083127684288
2022-09-05,0.21948505754728553
2022-09-06,0.21964213621476236
2022-09-07,0.2155760033399885
2022-09-08,0.21835105979874636
2022-09-09,0.22185846109753893
2022-09-10,0.22189290817373997
2022-09-12,0.22239239077865547
2022-09-13,0.22350985393061806
2022-09-14,0.21933004570438064
2022-09-15,0.21609546524910062
2022-09-16,0.2124447641133116
2022-09-19,0.21717021402657388
2022-09-20,0.21784537672011473
2022-09-21,0.21447025219393423
2022-09-22,0.21447025219393423
2022-09-23,0.21582057758101603
2022-09-26,0.2090696395871311
2022-09-27,0.2077193142000493
2022-09-28,0.2090696395871311
2022-09-29,0.21447025219393423
2022-09-30,0.21582057758101603
2022-10-04,0.22113231673122047
2022-10-05,0.22594939586717755
2022-10-06,0.2236924234344837
2022-10-07,0.22361732880836538
2022-10-08,0.22366486577352285
2022-10-10,0.22173858527235923
2022-10-11,0.21516608313319585
2022-10-12,0.21544923809956862
2022-10-13,0.21939411726611469
2022-10-14,0.21625529968267354
2022-10-15,0.2162745900453461
2022-10-17,0.21313163881276087
2022-10-18,0.21587569290293773
2022-10-19,0.2161657372845508
2022-10-20,0.2125494832249628
2022-10-21,0.21456670400729727
2022-10-22,0.21447576372612642
2022-10-24,0.2195126152082464
2022-10-25,0.21749194971829178
2022-10-26,0.21713990059951693
2022-10-27,0.22010923856804876
2022-10-28,0.2186411041803593
2022-10-29,0.2186307700574991
2022-10-31,0.21523359940254994
2022-11-01,0.21363043247615232
2022-11-02,0.217626293315476
2022-11-03,0.21561045041618954
2022-11-04,0.21595492117820025
2022-11-05,0.2159569880027723
2022-11-07,0.22174685257064752
2022-11-08,0.22194664561261368
2022-11-09,0.22835931331820414
2022-11-10,0.22889875453151287
2022-11-11,0.23781365785234876
2022-11-12,0.23781365785234876
2022-11-14,0.23659009770568695
2022-11-15,0.23863074249983807
2022-11-16,0.24475129899924353
2022-11-17,0.24475129899924353
2022-11-18,0.24400379744568035
2022-11-19,0.24400930897787254
2022-11-21,0.24195350747019295
2022-11-22,0.23577301305819764
2022-11-23,0.23716743070281676
2022-11-24,0.23922185432744836
2022-11-25,0.23857976082706045
2022-11-26,0.2385749382363923
2022-11-28,0.23858251659315655
2022-11-29,0.2372032556620659
2022-11-30,0.23920463078934784
2022-12-01,0.2438549860764918
2022-12-02,0.25066379515839454
2022-12-03,0.2506376153804817
2022-12-05,0.2506507052694381
2022-12-06,0.24203686939459956
2022-12-07,0.24202791315478722
2022-12-08,0.24870444546407788
2022-12-09,0.25137616069423263
2022-12-10,0.2513713381035644
2022-12-12,0.2513982068230013
2022-12-13,0.2500223905995307
2022-12-14,0.25605545152538545
2022-12-15,0.25607267506348597
2022-12-16,0.2520520123292975
2022-12-17,0.25205545703691756
2022-12-19,0.25537822200727245
2022-12-20,0.25469548095696737
2022-12-21,0.2614650203720008
2022-12-22,0.26079330238608
2022-12-23,0.25401825143885437
2022-12-24,0.2540154956727583
2022-12-26,0.25539957919451706
2022-12-27,0.2574133552692315
2022-12-28,0.2622152776916601
2022-12-29,0.26079674709370015
2022-12-30,0.26410435535052657
2022-12-31,0.26411675629795894
2023-01-02,0.26746983469537067
2023-01-03,0.2681422416228155
2023-01-04,0.268931768609344
2023-01-05,0.27228691383132786
2023-01-06,0.2676282912458956
2023-01-07,0.26761037876627103
2023-01-09,0.27500065449444777
2023-01-10,0.27633100057733295
2023-01-11,0.2763117102146604
2023-01-12,0.27624763865292645
2023-01-13,0.27958762716138175
2023-01-14,0.2795759151554734
2023-01-16,0.2803447738962812
2023-01-17,0.2743558052279639
2023-01-18,0.2695766178758279
2023-01-19,0.2729606986418207
2023-01-20,0.27893588847965756
2023-01-21,0.2789262432983213
2023-01-23,0.27900064898291566
2023-01-24,0.2789634461406184
2023-01-25,0.2789958263922475
2023-01-26,0.276330311635809
2023-01-27,0.27300203513326193
2023-01-28,0.2729972125425938
2023-01-30,0.27225315569665076
2023-01-31,0.27161795161150315
2023-02-01,0.27161381796235895
2023-02-02,0.27959865022576613
2023-02-03,0.2722848470067557
2023-02-04,0.27231240466771656
2023-02-06,0.2641456918419678
2023-02-07,0.2648077646465523
2023-02-08,0.27147534071603063
2023-02-09,0.27481257345838994
2023-02-10,0.27214843658499954
2023-02-11,0.27215670388328783
2023-02-13,0.272163593298528
2023-02-14,0.2707822655428652
2023-02-15,0.27211054480117836
2023-02-16,0.2653761414038699
2023-02-17,0.26539818753263855
2023-02-18,0.26539405388349446
2023-02-20,0.2660547488050309
2023-02-21,0.2674092078412569
2023-02-22,0.2653906091758743
2023-02-23,0.26272716124400797
2023-02-24,0.26342092535869743
2023-02-25,0.2634202364171734
2023-02-27,0.2607436985963505
2023-02-28,0.26541541107073907
2023-03-01,0.2687202635614694
2023-03-02,0.2708001780224898
2023-03-03,0.2714367599906855
2023-03-04,0.2714298705754453
2023-03-06,0.27553251735099227
2023-03-07,0.2748525320667832
2023-03-08,0.26673542303076403
2023-03-09,0.2687850240647274
2023-03-10,0.27483530852868265
2023-03-11,0.27483806429477875
2023-03-13,0.2888318445306999
2023-03-14,0.28978258383384936
2023-03-15,0.2891198220877408
2023-03-16,0.29511774699587046
2023-03-17,0.29108054966510555
2023-03-18,0.2911198193319747
2023-03-20,0.3078204508157757
2023-03-21,0.307801160453103
2023-03-22,0.30778049220738235
2023-03-23,0.3077081533473601
2023-03-24,0.30647081437021784
2023-03-27,0.31002230792654784
2023-03-28,0.3045059531437091
2023-03-29,0.30716940107557544
2023-03-30,0.3012045453605988
2023-03-31,0.30519282784315827
2023-04-01,0.30519833937535046
2023-04-03,0.29609673290150473
2023-04-04,0.30007192549510786
2023-04-05,0.30800026455354523
2023-04-06,0.3053299272064386
2023-04-07,0.3052865238904252
2023-04-08,0.3052837681243291
2023-04-10,0.3036847348470756
2023-04-11,0.30159310838014686
2023-04-12,0.3001518427118943
2023-04-13,0.3008008256275224
2023-04-14,0.30789210073427387
2023-04-15,0.3079093242723744
2023-04-17,0.2972479541881444
2023-04-18,0.29154902990144005
2023-04-19,0.29656521313783923
2023-04-20,0.29654867854126277
2023-04-21,0.29654730065821466
2023-04-22,0.2965424780675465
2023-04-24,0.29651147569896563
2023-04-25,0.29846324703651805
2023-04-26,0.29622280920040067
2023-04-27,0.2944384506531854
2023-04-28,0.2961146453811293
2023-04-29,0.29633510666881613
2023-05-01,0.2963316619611961
2023-05-02,0.29011258682385554
2023-05-03,0.2975710677629104
2023-05-04,0.30636816208313866
2023-05-05,0.3063867635042873
2023-05-06,0.30659551278606567
2023-05-08,0.29624209956307324
2023-05-09,0.29797203172989084
2023-05-10,0.30400578159726954
2023-05-11,0.3040360950243265
2023-05-12,0.29828825588941665
2023-05-13,0.2985038945864352
2023-05-15,0.2962710351070822
2023-05-16,0.2962386548554532
2023-05-17,0.2921504758519107
2023-05-18,0.2940857125928865
2023-05-19,0.28686147177199894
2023-05-20,0.28705368645720086
2023-05-22,0.2921608099747709
2023-05-23,0.2921566763256268
2023-05-24,0.2921738998637273
2023-05-25,0.287508387863055
2023-05-26,0.28416633253002754
2023-05-27,0.28437645969485403
2023-05-29,0.2868394256432303
2023-05-30,0.28751321045372313
2023-05-31,0.29153938472010366
2023-06-01,0.2917247099900655
2023-06-02,0.2914863362227541
2023-06-03,0.2917033528028208
2023-06-04,0.2917033528028208
2023-06-05,0.2935042459466125
2023-06-06,0.29820489396501004
2023-06-07,0.2954229480910119
2023-06-08,0.29007745080613045
2023-06-09,0.29608984348626455
2023-06-10,0.29630410430023524
2023-06-11,0.29630410430023524
2023-06-12,0.2960746867727361
2023-06-13,0.29472091667803424
2023-06-14,0.29072505583871056
2023-06-15,0.2900581604434579
2023-06-16,0.2954656624655012
2023-06-17,0.29566201079984733
2023-06-19,0.2950633206154728
2023-06-20,0.2936647693217095
2023-06-21,0.2916172351123181
2023-06-22,0.29160965675555384
2023-06-23,0.28735130919557805
2023-06-24,0.28753318975791975
2023-06-25,0.28753318975791975
2023-06-26,0.28697445818193845
2023-06-27,0.2906299819083955
2023-06-28,0.29061758096096313
2023-06-29,0.2906168920194392
2023-06-30,0.290645138621924
2023-07-01,0.29087455614942315
2023-07-02,0.29087455614942315
2023-07-03,0.2913581930992861
2023-07-04,0.2913506147425219
2023-07-05,0.2933740359985725
2023-07-06,0.290674763107457
2023-07-07,0.28871265764704424
2023-07-08,0.28893587470082716
2023-07-09,0.28893587470082716
2023-07-10,0.29410706978013124
2023-07-11,0.2957405501335857
2023-07-12,0.3004122626079744
2023-07-13,0.3060188687304599
2023-07-14,0.3046809442908105
2023-07-15,0.3044935521962767
2023-07-16,0.3044935521962767
2023-07-17,0.30001129864099396
2023-07-18,0.2994119195150954
2023-07-19,0.2994250094040518
2023-07-20,0.304761550449121
2023-07-21,0.302728484011734
2023-07-22,0.30252111261300363
2023-07-23,0.30252111261300363
2023-07-24,0.3011191166116203
2023-07-25,0.30043155297064694
2023-07-26,0.303147360458339
2023-07-27,0.30374742852576153
2023-07-28,0.2984666917441381
2023-07-29,0.29847013645175824
2023-07-30,0.29847013645175824
2023-07-31,0.3005156038365775
2023-08-01,0.3051349567551406
2023-08-02,0.30046531110532393
2023-08-03,0.2984184658374567
2023-08-04,0.29977292487368257
2023-08-05,0.2997646575753943
2023-08-06,0.2997646575753943
2023-08-07,0.302437750688597
2023-08-08,0.2997577681601541
2023-08-09,0.2970529837368464
2023-08-10,0.29637368739416137
2023-08-11,0.2950846778027174
2023-08-12,0.2950715879137611
2023-08-13,0.2950715879137611
2023-08-14,0.293714373111439
2023-08-15,0.2930330099441819
2023-08-16,0.2950350740129879
2023-08-17,0.2950212951825075
2023-08-18,0.29300545228322106
2023-08-19,0.2929847840375005
2023-08-20,0.2929847840375005
2023-08-21,0.2909840978517425
2023-08-22,0.29166063842833145
2023-08-23,0.2944060704015564
2023-08-24,0.2990626261624165
2023-08-25,0.29908122758356515
2023-08-26,0.2990695155776568
2023-08-27,0.2990695155776568
2023-08-28,0.29640055611359817
2023-08-29,0.29974743403729376
2023-08-30,0.3044845959564644
2023-08-31,0.3058252761622099
2023-09-01,0.30381218902901963
2023-09-02,0.30382665680102405
2023-09-03,0.30382665680102405
2023-09-04,0.3055400543712651
2023-09-05,0.30486695850229617
2023-09-06,0.3008428510604877
2023-09-07,0.2974890837215519
2023-09-08,0.3002124695660081
2023-09-09,0.3003929722453017
2023-09-10,0.3003929722453017
2023-09-11,0.3015386819997492
2023-09-12,0.30148701138544765
2023-09-13,0.29948494731664166
2023-09-14,0.2981256656897475
2023-09-15,0.29953455110637117
2023-09-16,0.2997426114466256
2023-09-17,0.2997426114466256
2023-09-18,0.30422348711886027
2023-09-19,0.30828273057839395
2023-09-20,0.3076103236509491
2023-09-21,0.3040698531590036
2023-09-22,0.30209121310201426
2023-09-23,0.3018769522880437
2023-09-24,0.3018769522880437
2023-09-25,0.30209534675115846
2023-09-26,0.29806848354325377
2023-09-27,0.2940292193879168
2023-09-28,0.2939837492473314
2023-09-29,0.28763928675261896
2023-09-30,0.2894884058030922
2023-10-01,0.2894884058030922
2023-10-02,0.286571427390386
2023-10-03,0.2798680263616584
2023-10-04,0.2805128756281424
2023-10-05,0.2825287185274288
2023-10-06,0.2825542093638176
2023-10-07,0.2827843158328407
2023-10-08,0.2827843158328407
2023-10-09,0.2826417049373683
2023-10-10,0.29543810480454036
2023-10-11,0.2954615288163571
2023-10-12,0.30151663587098054
2023-10-13,0.30163375593006414
2023-10-14,0.3019100214811967
2023-10-15,0.3019100214811967
2023-10-16,0.3097012611763539
2023-10-17,0.30732441291848034
2023-10-18,0.3077005749905959
2023-10-19,0.31238744417851305
2023-10-20,0.3198438582929958
2023-10-21,0.3196109960578766
2023-10-22,0.3196109960578766
2023-10-23,0.319819056398131
2023-10-24,0.319752229070301
2023-10-25,0.31983076840403935
2023-10-26,0.3198287015794673
2023-10-27,0.31983903570232763
2023-10-28,0.3196736897365625
2023-10-29,0.3196736897365625
2023-10-30,0.32320933763784
2023-10-31,0.32323413953270475
2023-11-01,0.3231955588073595
2023-11-02,0.3231500886667741
2023-11-03,0.3197735862575456
2023-11-04,0.31954692449614264
2023-11-05,0.31954692449614264
2023-11-06,0.3196847128009469
2023-11-07,0.3163323233450591
2023-11-08,0.31297442235697914
2023-11-09,0.3083047767071626
2023-11-10,0.311613762847037
2023-11-11,0.31137607802124967
2023-11-12,0.31137607802124967
2023-11-13,0.30625379779015116
2023-11-14,0.30963581173157184
2023-11-15,0.3129241296257256
2023-11-16,0.31301369202384843
2023-11-17,0.3136240942141313
2023-11-18,0.3134181006984489
2023-11-19,0.3134181006984489
2023-11-20,0.3149310162851997
2023-11-21,0.31373088015035455
2023-11-22,0.31510531849077716
2023-11-23,0.3137226128520664
2023-11-24,0.3197439617720127
2023-11-25,0.3195235004843259
2023-11-26,0.3195235004843259
2023-11-27,0.3230949733448524
2023-11-28,0.3244625222700347
2023-11-29,0.3298514228709295
2023-11-30,0.3298782915903664
2023-12-01,0.32720382059411557
2023-12-02,0.32704949769273484
2023-12-03,0.32704949769273484
2023-12-04,0.3398941234665884
2023-12-05,0.33177219183990103
2023-12-06,0.32381836194507485
2023-12-07,0.32782593479030686
2023-12-08,0.3277866651234377
2023-12-09,0.327540024057838
2023-12-10,0.327540024057838
2023-12-11,0.3217501594899628
2023-12-12,0.3123729764065085
2023-12-13,0.3163757266610725
2023-12-14,0.33318796667176487
2023-12-15,0.33385830677463757
2023-12-16,0.33359168640484127
2023-12-17,0.33359168640484127
2023-12-18,0.32580664718340036
2023-12-19,0.3285265883202365
2023-12-20,0.3331872777302408
2023-12-21,0.3305141846170381
2023-12-22,0.33526650324973717
2023-12-23,0.3350239958332817
2023-12-24,0.3350239958332817
2023-12-25,0.33501366171042135
2023-12-26,0.34188103082186583
2023-12-27,0.3419161668395909
2023-12-28,0.3439664568150784
2023-12-29,0.3372368760084381
2023-12-30,0.33701021424703514
2023-12-31,0.33701021424703514
2024-01-01,0.3370150368377033
2024-01-02,0.3366113171046268
2024-01-03,0.3365610243733732
2024-01-04,0.332547939995949
2024-01-05,0.3339099773889391
2024-01-06,0.333677804095344
2024-01-07,0.333677804095344
2024-01-08,0.3351542057813217
2024-01-09,0.3311934809597231
2024-01-10,0.33050936202636993
2024-01-11,0.3298514228709295
2024-01-12,0.3332547939995949
2024-01-13,0.33302399858904774
2024-01-14,0.33302399858904774
2024-01-15,0.3372596110787308
2024-01-16,0.3392416958433402
2024-01-17,0.331159722825046
2024-01-18,0.3271576615120062
2024-01-19,0.33387208560511794
2024-01-20,0.33364611278523904
2024-01-21,0.33364611278523904
2024-01-22,0.33453829205884666
2024-01-23,0.33322654739711
2024-01-24,0.33522930040744003
2024-01-25,0.33261890097292324
2024-01-26,0.3365720474377576
2024-01-27,0.3363495193254987
2024-01-28,0.3363495193254987
2024-01-29,0.34228061690579825
2024-01-30,0.3446547093975757
2024-01-31,0.34600710160922954
2024-02-01,0.3453009365471077
2024-02-02,0.3505926963931155
2024-02-03,0.35039565911724546
2024-02-04,0.35039565911724546
2024-02-05,0.34323273409199573
2024-02-06,0.33727959038292743
2024-02-07,0.341269250748535
2024-02-08,0.34122791425709365
2024-02-09,0.34119691188851275
2024-02-10,0.34097231695168173
2024-02-11,0.34097231695168173
2024-02-12,0.34114041868354295
2024-02-13,0.3411045937242938
2024-02-14,0.3410467226362761
2024-02-15,0.327117702903613
2024-02-16,0.3291177001478468
2024-02-17,0.3289523541820817
2024-02-18,0.3289523541820817
2024-02-19,0.3338431500611091
2024-02-20,0.3358893063874524
2024-02-21,0.3378713911520618
2024-02-22,0.3385134846524497
2024-02-23,0.3385293303075021
2024-02-24,0.3383474497451605
2024-02-25,0.3383474497451605
2024-02-26,0.34170741755781253
2024-02-27,0.3397384226821596
2024-02-28,0.3410901259522894
2024-02-29,0.34198712781656515
2024-03-01,0.34466779928653213
2024-03-02,0.3445548128765926
2024-03-03,0.3445548128765926
2024-03-04,0.3595013992402353
2024-03-05,0.3696260838772526
2024-03-06,0.37428470646268486
2024-03-07,0.3829743259051658
2024-03-08,0.38563915172008023
2024-03-09,0.3854414255026861
2024-03-10,0.3854414255026861
2024-03-11,0.3856756656208534
2024-03-12,0.39029019594874825
2024-03-13,0.38366120060461506
2024-03-14,0.38566050890732495
2024-03-15,0.37900602272680295
2024-03-16,0.3787614484857754
2024-03-17,0.3787614484857754
2024-03-18,0.37902737991404767
2024-03-19,0.38369220297319606
2024-03-20,0.3836970255638642
2024-03-21,0.3970810925510264
2024-03-22,0.39045829768060947
2024-03-23,0.39018823260319313
2024-03-24,0.39018823260319313
2024-03-25,0.38579209673841297
2024-03-26,0.392479652112088
2024-03-27,0.39523197350055317
2024-03-28,0.4006043395048715
2024-03-29,0.40066978894965355
2024-03-30,0.40290195948748264
2024-03-31,0.40290195948748264
2024-04-01,0.42347375339475934
2024-04-02,0.4249108854138678
2024-04-03,0.437032122587499
2024-04-04,0.44305760515658954
2024-04-05,0.4410927439300807
2024-04-06,0.4414358368090433
2024-04-07,0.4414358368090433
2024-04-08,0.44117679479601124
2024-04-09,0.441263601428038
2024-04-10,0.4412463778899375
2024-04-11,0.44130080427033513
2024-04-12,0.44158740394432794
2024-04-13,0.44165354233063403
2024-04-14,0.44165354233063403
2024-04-15,0.4688288407456551
2024-04-16,0.4703493346891703
2024-04-17,0.47040238318651983
2024-04-18,0.4790630670849919
2024-04-19,0.48501689973558426
2024-04-20,0.4853310570705379
2024-04-21,0.4853310570705379
2024-04-22,0.4839635081453556
2024-04-23,0.47208477838817997
2024-04-24,0.46878681531268984
2024-04-25,0.4681261203911534
2024-04-26,0.46820672654946394
2024-04-27,0.46846370173792384
2024-04-28,0.46846370173792384
2024-04-29,0.4722094768040278
2024-04-30,0.4714557747767485
2024-05-01,0.47169208171948784
2024-05-02,0.47336689856438363
2024-05-03,0.46724909783107427
2024-05-04,0.46753500856354313
2024-05-05,0.46753500856354313
2024-05-06,0.46203932202642506
2024-05-07,0.4666993224949053
2024-05-08,0.460648349089426
2024-05-09,0.46094872759389927
2024-05-10,0.4735749589046381
2024-05-11,0.4738491576311985
2024-05-12,0.4738491576311985
2024-05-13,0.47687223303860415
2024-05-14,0.4715460261163953
2024-05-15,0.4761943145789671
2024-05-16,0.4909638429709363
2024-05-17,0.4837079108399437
2024-05-18,0.4839986441630807
2024-05-19,0.4839986441630807
2024-05-20,0.48846987465397906
2024-05-21,0.4938518858396337
2024-05-22,0.49314709866055984
2024-05-23,0.4929789969286986
2024-05-24,0.47214058265162573
2024-05-25,0.4723631107638846
2024-05-26,0.4723631107638846
2024-05-27,0.4735439565360571
2024-05-28,0.4768901455182287
2024-05-29,0.4802852493486057
2024-05-30,0.4749356184145802
2024-05-31,0.4802962724129901
2024-06-01,0.4804912428642881
2024-06-02,0.4804912428642881
2024-06-03,0.47824391561293056
2024-06-04,0.48762729917010106
2024-06-05,0.47964866738041
2024-06-06,0.48772719569108414
2024-06-07,0.49826800100861035
2024-06-08,0.49853186561231055
2024-06-09,0.49853186561231055
2024-06-10,0.4748240098876887
2024-06-11,0.4755281081252385
2024-06-12,0.4808873842406004
2024-06-13,0.48286189064844554
2024-06-14,0.4776831172123772
2024-06-15,0.47795456017284166
2024-06-16,0.47795456017284166
2024-06-17,0.47764109177941194
2024-06-18,0.4829824554151493
2024-06-19,0.48767208036916243
2024-06-20,0.491827086700535
2024-06-21,0.5025049913813415
2024-06-22,0.5026923834758753
2024-06-23,0.5026923834758753
2024-06-24,0.4950292869041861
2024-06-25,0.4990547722290427
2024-06-26,0.49562522132246456
2024-06-27,0.4883203743432665
2024-06-28,0.4950320426702822
2024-06-29,0.49528763997569414
2024-06-30,0.49528763997569414
2024-07-01,0.4970423740373764
2024-07-02,0.5004064754991726
2024-07-03,0.4984946627700134
2024-07-04,0.5071932384523066
2024-07-05,0.5092538625506544
2024-07-06,0.5095287502187389
2024-07-07,0.5095287502187389
2024-07-08,0.5192731391344966
2024-07-09,0.5145545786364745
2024-07-10,0.5085552758452968
2024-07-11,0.5125917842345378
2024-07-12,0.5213020719227394
2024-07-13,0.5216231186729332
2024-07-14,0.5216231186729332
2024-07-15,0.5213937011454342
2024-07-16,0.5241660018380959
2024-07-17,0.5336547934484417
2024-07-18,0.5396354948184707
2024-07-19,0.5347460768224914
2024-07-20,0.5350147640168598
2024-07-21,0.5350147640168598
2024-07-22,0.5246682402091075
2024-07-23,0.5247075098759767
2024-07-24,0.526784668570901
2024-07-25,0.5224987633499644
2024-07-26,0.5131794513545279
2024-07-27,0.5134274703031756
2024-07-28,0.5134274703031756
2024-07-29,0.5294901419357327
2024-07-30,0.5287529745050299
2024-07-31,0.5355411153412121
2024-08-01,0.5463636977420631
2024-08-02,0.5436671806170436
2024-08-03,0.5438070357464199
2024-08-04,0.5438070357464199
2024-08-05,0.5373750776781568
2024-08-06,0.534019932456173
2024-08-07,0.5279462239804009
2024-08-08,0.5279551802202133
2024-08-09,0.5353654352525866
2024-08-10,0.5356547906926755
2024-08-11,0.5356547906926755
2024-08-12,0.529432959789239
2024-08-13,0.5414921922257082
2024-08-14,0.5392917129979842
2024-08-15,0.5359985725131622
2024-08-16,0.5307750178780325
2024-08-17,0.5310616175520254
2024-08-18,0.5310616175520254
2024-08-19,0.5387577833168676
2024-08-20,0.5388011866328809
2024-08-21,0.5360350864139354
2024-08-22,0.5327309228647291
2024-08-23,0.5280605882733885
2024-08-24,0.5282782937949793
2024-08-25,0.5282782937949793
2024-08-26,0.5360722892562325
2024-08-27,0.5361094920985296
2024-08-28,0.5326882084902398
2024-08-29,0.5340647136552343
2024-08-30,0.5347570998868758
2024-08-31,0.5350016741279033
2024-09-01,0.5350016741279033
2024-09-02,0.5300516292778101
2024-09-03,0.5319703314222095
2024-09-04,0.5333385692889159
2024-09-05,0.5353523453636302
2024-09-06,0.537380589210349
2024-09-07,0.5376272302759486
2024-09-08,0.5376272302759486
2024-09-09,0.5279854936472702
2024-09-10,0.52868959188482
2024-09-11,0.5360281969986951
2024-09-12,0.5348218603901338
2024-09-13,0.5442762049242784
2024-09-14,0.54458829543466
2024-09-15,0.54458829543466
2024-09-16,0.5443127188250515
2024-09-17,0.5529734027235236
2024-09-18,0.5509072670929837
2024-09-19,0.5461962849517259
2024-09-20,0.5509768501869098
2024-09-21,0.5512930743464356
2024-09-22,0.5512930743464356
2024-09-23,0.5611125578883115
2024-09-24,0.5530595204140263
2024-09-25,0.5645228184322171
2024-09-26,0.5645235073737411
2024-09-27,0.5651876470028977
2024-09-28,0.5654225760625889
2024-09-29,0.5654225760625889
2024-09-30,0.5664690782375773
2024-10-01,0.559253793656502
2024-10-02,0.5666172006652419
2024-10-03,0.5700391732150558
2024-10-04,0.5721549126353254
2024-10-05,0.5724325560695059
2024-10-06,0.5724325560695059
2024-10-07,0.576637166190608
2024-10-08,0.5788224887048037
2024-10-09,0.5787287926575367
2024-10-10,0.573403963618376
2024-10-11,0.5786178730721694
2024-10-12,0.5789396087638873
2024-10-13,0.5789396087638873
2024-10-14,0.58419623259217
2024-10-15,0.5834714661088996
2024-10-16,0.5855527584529681
2024-10-17,0.5889823093595462
2024-10-18,0.5937194712787168
2024-10-19,0.594017094017094
2024-10-20,0.594017094017094
2024-10-21,0.5962065501804338
2024-10-22,0.5942368663632568
2024-10-23,0.6023009269019264
2024-10-24,0.5982458170915369
2024-10-25,0.6062747416124814
2024-10-26,0.6060529024417465
2024-10-27,0.6060529024417465
2024-10-28,0.6096856910979109
2024-10-29,0.6151372853774917
2024-10-30,0.631786935188515
2024-10-31,0.6363311934809597
2024-11-01,0.6264007903537163
2024-11-02,0.626099722907719
2024-11-03,0.626099722907719
2024-11-04,0.624389770045098
2024-11-05,0.6243773690976657
2024-11-06,0.6268045100867927
2024-11-07,0.608783866642967
2024-11-08,0.6174500620736314
2024-11-09,0.6171565729843982
2024-11-10,0.6171565729843982
2024-11-11,0.6126336718791983
2024-11-12,0.5919137555442568
2024-11-13,0.5985592854849666
2024-11-14,0.5851690180240882
2024-11-15,0.5878841365702562
2024-11-16,0.5875493109895819
2024-11-17,0.5875493109895819
2024-11-18,0.5852888938492679
2024-11-19,0.592692948407925
2024-11-20,0.5834556204538471
2024-11-21,0.604841054300993
2024-11-22,0.6116340177278433
2024-11-23,0.6113956439605319
2024-11-24,0.6113956439605319
2024-11-25,0.6207294237279728
2024-11-26,0.6047142890605731
2024-11-27,0.604774226973163
2024-11-28,0.6094135591959225
2024-11-29,0.606780424691113
2024-11-30,0.6064738457129235
2024-12-01,0.6064738457129235
2024-12-02,0.605454901198896
2024-12-03,0.6088100464208799
2024-12-04,0.6074921012854271
2024-12-05,0.6133983969708618
2024-12-06,0.6133811734327613
2024-12-07,0.6131042189401048
2024-12-08,0.6131042189401048
2024-12-09,0.6001982773706133
2024-12-10,0.6095857945769279
2024-12-11,0.6203567063634772
2024-12-12,0.629619525153944
2024-12-13,0.6182340775279676
2024-12-14,0.6179150976023458
2024-12-15,0.6179150976023458
2024-12-16,0.6082244461254618
2024-12-17,0.6102189318375034
2024-12-18,0.6102189318375034
2024-12-19,0.5995031353728758
2024-12-20,0.6068713649722839
2024-12-21,0.6065820095321949
2024-12-22,0.6065820095321949
2024-12-23,0.6148472409958787
2024-12-24,0.6081748423357322
2024-12-25,0.607879286421927
2024-12-26,0.6082409807220382
2024-12-27,0.6161851654355281
2024-12-28,0.6158923652878191
2024-12-29,0.6158923652878191
2024-12-30,0.6161713866050477
2024-12-31,0.6158751417497186
2025-01-01,0.6159268123640201
2025-01-02,0.6136498606271297
2025-01-03,0.6229719283886621
2025-01-04,0.6226391696325599
2025-01-05,0.6226391696325599
2025-01-06,0.6208830576878295
2025-01-07,0.6169746924220565
2025-01-08,0.6203677294278616
2025-01-09,0.6237173631176534
2025-01-10,0.6284627923351123
2025-01-11,0.6281734368950231
2025-01-12,0.6281734368950231
2025-01-13,0.6364359125926109
2025-01-14,0.6304173194387606
2025-01-15,0.6325075680226413
2025-01-16,0.6413287752962105
2025-01-17,0.6499577678845774
2025-01-18,0.6496263870115233
2025-01-19,0.6496263870115233
2025-01-20,0.6438799257596612
2025-01-21,0.6473687256373053
2025-01-22,0.6573652671508547
2025-01-23,0.6579935818207623
2025-01-24,0.6587217930116527
2025-01-25,0.6584117693258431
2025-01-26,0.6584117693258431
2025-01-27,0.6586384310872462
2025-01-28,0.6586921685261198
2025-01-29,0.6584179697995594
2025-01-30,0.658827201064828
2025-01-31,0.6589532773637239
2025-02-01,0.6586101844847614
2025-02-02,0.6586101844847614
2025-02-03,0.6684344906173054
2025-02-04,0.6877448325940991
2025-02-05,0.6951530208019003
2025-02-06,0.7003931100336065
2025-02-07,0.6938261194266353
2025-02-08,0.6934478905299475
2025-02-09,0.6934478905299475
2025-02-10,0.6993286953789937
2025-02-11,0.7152921594320918
2025-02-12,0.7154940192986299
2025-02-13,0.7209339015723024
2025-02-14,0.7262394402487906
2025-02-15,0.726448878472093
2025-02-16,0.726448878472093
2025-02-17,0.710745834315075
2025-02-18,0.7169042825983016
2025-02-19,0.7250117464529846
2025-02-20,0.736983483315903
2025-02-21,0.7361099054634441
2025-02-22,0.7364102839679174
2025-02-23,0.7364102839679174
2025-02-24,0.7339032257620037
2025-02-25,0.734784381971227
2025-02-26,0.7262745762665157
2025-02-27,0.7244605932337675
2025-02-28,0.7227940436871598
2025-03-01,0.7231660721101314
2025-03-02,0.7231660721101314
2025-03-03,0.7235463678313911
2025-03-04,0.7350089769080579
2025-03-05,0.7381918867490365
2025-03-06,0.7360292993051336
2025-03-07,0.7278804989590093
2025-03-08,0.72802793244515
2025-03-09,0.72802793244515
2025-03-10,0.7295084677802717
2025-03-11,0.7202697619431457
2025-03-12,0.7350578917562636
2025-03-13,0.7426100687425852
2025-03-14,0.7585466640762466
2025-03-15,0.7588663329433925
2025-03-16,0.7588663329433925
2025-03-17,0.756071297180438
2025-03-18,0.7592893430391414
2025-03-19,0.7693582234127132
2025-03-20,0.7797026803958933
2025-03-21,0.7825610987790579
2025-03-22,0.7828490763360987
2025-03-23,0.7828490763360987
2025-03-24,0.7722745128838955
2025-03-25,0.7682683179217114
2025-03-26,0.7770130526861141
2025-03-27,0.7823489047896592
2025-03-28,0.7972238412348036
2025-03-29,0.7978425107233749
2025-03-30,0.7978425107233749
2025-03-31,0.7978011742319335
2025-04-01,0.7984529129136577
2025-04-02,0.797717123366003
2025-04-03,0.7963096158324274
2025-04-04,0.8552099824871064
2025-04-05,0.8548517328946152
2025-04-06,0.8548517328946152
2025-04-07,0.8532671673893664
2025-04-08,0.7756641051820803
2025-04-09,0.7919513717514683
2025-04-10,0.8321132178942916
2025-04-11,0.8631093860015349
2025-04-12,0.8636178248462627
2025-04-13,0.8636178248462627
2025-04-14,0.8716274590045345
2025-04-15,0.8699857113527918
2025-04-16,0.9109487964880516
2025-04-17,0.9543603797996834
2025-04-18,0.9543934489928363
2025-04-19,0.9544044720572207
2025-04-21,0.9746007928339058
2025-04-22,1.0
2025-04-23,0.9929397272618294
2025-04-24,0.9917781718523295
2025-04-25,0.9716224986255617
2025-04-26,0.9712642490330705
2025-04-27,0.9712642490330705
2025-04-28,0.9383528234890479
2025-04-29,0.9323597211715864
2025-04-30,0.9249336204841605
2025-05-01,0.9242178102407024
2025-05-02,0.8779202508849453
2025-05-03,0.8774627937129953
2025-05-04,0.8774627937129953
2025-05-05,0.8728186388995673
2025-05-06,0.8911189926021459
2025-05-07,0.9051706439260847
2025-05-08,0.900335652310503
2025-05-09,0.8842488677246052
2025-05-10,0.8839223094422191
2025-05-11,0.8839223094422191
2025-05-12,0.8839271320328872
2025-05-13,0.8705630443499217
2025-05-14,0.8504611085620275
2025-05-15,0.8344466628361518
2025-05-16,0.8503398548537997
2025-05-17,0.849997450916361
2025-05-18,0.849997450916361
2025-05-19,0.8525010644146547
2025-05-20,0.8372933692134079
2025-05-21,0.85274012712349
2025-05-22,0.8706216043794635
2025-05-23,0.8707414802046431
2025-05-24,0.870449368998458
2025-05-25,0.870449368998458
2025-05-26,0.8674331830062927
2025-05-27,0.8692754126415259
2025-05-28,0.8506994823293388
2025-05-29,0.850352255801232
2025-05-30,0.8505864959193994
2025-05-31,0.8502716496429217
2025-06-01,0.8502716496429217
2025-06-02,0.857555139434875
2025-06-04,0.8701875712193301
2025-06-05,0.8795992013789853
2025-06-06,0.8794779476707575
2025-06-07,0.8790198015572834
2025-06-08,0.8790198015572834
2025-06-09,0.8793876963311107
2025-06-10,0.8601304028516668
2025-06-11,0.86075458387243
2025-06-12,0.8729529824967517
2025-06-13,0.8918175793075036
2025-06-14,0.8914076591007107
2025-06-15,0.8914076591007107
2025-06-16,0.9062226576332655
2025-06-17,0.8961096850021564
2025-06-18,0.891442106176912
2025-06-19,0.8874179987351034
2025-06-20,0.8860738738217377
2025-06-21,0.8864534806014734
2025-06-22,0.8864534806014734
2025-06-23,0.8861689477520527
2025-06-24,0.8831045358532059
2025-06-25,0.8878072506961754
2025-06-26,0.9060442217785438
2025-06-27,0.8984961784413663
2025-06-28,0.8891424193697286
